ÅäÖÃhashÖµ,ÅäÖÃÔ±,ÅäÖÃÈÕÆÚ,ÅäÖÃÏî
8e54777,Jeson,2020-12-08 16:30:45 +0800,Ìí¼ÓPUS V_1.0Ïà¹ØÓÃ»§²âÊÓÏà¹ØÎÄµµ¡¶ÓÃ»§²âÊÔ¼Æ»®¡·¡¢¡¶ÓÃ»§²âÊÔÓÃÀý¼°²âÊÔ¼ÇÂ¼±í¡·¡¢¡¶²âÊÔ»·¾³ÅäÖÃ¼ÇÂ¼±í¡·¡¢¡¶ÓÃ»§²âÊÔ±¨¸æ¡·
9a51c14,Jeson,2020-12-05 18:35:10 +0800, ¸üÐÂPUS V_1.0Ïà¹ØÏµÍ³²âÊÔÎÄµµ¡¶ÏµÍ³²âÊÔ¼Æ»®¡·¡¢¡¶ÏµÍ³²âÊÔÓÃÀý¼°²âÊÔ¼ÇÂ¼±í¡·¡¢¡¶ÏµÍ³²âÊÔ»·¾³ÅäÖÃ¼ÇÂ¼±í¡·¡¢¡¶ÏµÍ³²âÊÔ±¨¸æ¡·
ba561a0,Jeson,2020-11-26 15:32:36 +0800,[Fixbug]: ÐÞ¸´È±ÏÝ¡¾PUS-V1.0-ZSTP-005¡¿
0dfd768,Jeson,2020-11-26 12:32:20 +0800,[Fixbug]: ÐÞ¸´È±ÏÝ¡¾PUS-V1.0-ZSTP-004¡¿
a8aa46c,Jeson,2020-11-26 11:37:00 +0800,[Fixbug]: ÐÞ¸´È±ÏÝ¡¾PUS-V1.0-ZSTP-003¡¿
3a3eff3,Jeson,2020-11-25 11:42:35 +0800,[Fixbug]: ÐÞ¸´È±ÏÝ¡¾PUS-V1.0-ZSTP-002¡¿
28342ef,Jeson,2020-11-24 16:42:13 +0800,[Fixbug]: ÐÞ¸´È±ÏÝ¡¾PUS-V1.0-ZSTP-001¡¿
405f607,Jeson,2020-11-23 09:54:47 +0800,[Fixbug]: ÐÞ¸´È±ÏÝ¡¾PUS-V1.0-TWBG-013¡¿
cc5ca3a,Jeson,2020-11-21 09:53:19 +0800,[Fixbug]: ÐÞ¸´È±ÏÝ¡¾PUS-V1.0-TWBG-011¡¿
d8d7f8f,Jeson,2020-11-21 09:53:07 +0800,[Fixbug]: ÐÞ¸´È±ÏÝ¡¾PUS-V1.0-TWBG-010¡¿
d467053,Jeson,2020-11-20 13:52:41 +0800,[Fixbug]: ÐÞ¸´È±ÏÝ¡¾PUS-V1.0-TWBG-009¡¿
1ab3427,Jeson,2020-11-20 13:52:25 +0800,[Fixbug]: ÐÞ¸´È±ÏÝ¡¾PUS-V1.0-TWBG-008¡¿
77eba53,Jeson,2020-11-20 13:52:12 +0800,[Fixbug]: ÐÞ¸´È±ÏÝ¡¾PUS-V1.0-TWBG-007¡¿
4c9c396,Jeson,2020-11-20 13:51:21 +0800,[Fixbug]: ÐÞ¸´È±ÏÝ¡¾PUS-V1.0-TWBG-006¡¿
14ae458,Jeson,2020-11-20 13:50:26 +0800,[Fixbug]: ÐÞ¸´È±ÏÝ¡¾PUS-V1.0-TWBG-005¡¿
496eddc,Jeson,2020-11-20 13:50:10 +0800,[Fixbug]: ÐÞ¸´È±ÏÝ¡¾PUS-V1.0-TWBG-004¡¿
370efb2,Jeson,2020-11-20 13:49:55 +0800,[Fixbug]: ÐÞ¸´È±ÏÝ¡¾PUS-V1.0-TWBG-003¡¿
13ef90d,Jeson,2020-11-19 12:45:38 +0800,[Fixbug]: ÐÞ¸´È±ÏÝ¡¾PUS-V1.0-ZSTP-006¡¿
70eb86d,Jeson,2020-11-18 12:45:11 +0800,[Fixbug]: ÐÞ¸´È±ÏÝ¡¾PUS-V1.0-YHDL-009¡¿
11f31cb,Jeson,2020-11-18 12:44:55 +0800,[Fixbug]: ÐÞ¸´È±ÏÝ¡¾PUS-V1.0-YHDL-008¡¿
5f76148,Jeson,2020-11-18 12:44:31 +0800,[Fixbug]: ÐÞ¸´È±ÏÝ¡¾PUS-V1.0-YHDL-007¡¿
746c130,Jeson,2020-11-18 12:44:16 +0800,[Fixbug]: ÐÞ¸´È±ÏÝ¡¾PUS-V1.0-YHDL-006¡¿
e41d2a7,Jeson,2020-11-18 12:44:01 +0800,[Fixbug]: ÐÞ¸´È±ÏÝ¡¾PUS-V1.0-YHDL-005¡¿
32da336,Jeson,2020-11-18 12:43:47 +0800,[Fixbug]: ÐÞ¸´È±ÏÝ¡¾PUS-V1.0-YHDL-004¡¿
6bc5ca5,Jeson,2020-11-18 12:43:28 +0800,[Fixbug]: ÐÞ¸´È±ÏÝ¡¾PUS-V1.0-YHDL-003¡¿
2d26cfe,Jeson,2020-11-18 12:43:05 +0800,[Fixbug]: ÐÞ¸´È±ÏÝ¡¾PUS-V1.0-YHDL-002¡¿
fc66bc2,Jeson,2020-11-18 12:42:52 +0800,[Fixbug]: ÐÞ¸´È±ÏÝ¡¾PUS-V1.0-YHDL-001¡¿
7290fa4,Jeson,2020-11-16 17:42:24 +0800,[Fixbug]: ÐÞ¸´È±ÏÝ¡¾PUS-V1.0-YXCL-012¡¿
ad92be2,Jeson,2020-11-16 17:42:09 +0800,[Fixbug]: ÐÞ¸´È±ÏÝ¡¾PUS-V1.0-YXCL-011¡¿
3d351f3,Jeson,2020-11-16 17:41:52 +0800,[Fixbug]: ÐÞ¸´È±ÏÝ¡¾PUS-V1.0-YXCL-010¡¿
b478549,Jeson,2020-11-16 17:40:38 +0800,[Fixbug]: ÐÞ¸´È±ÏÝ¡¾PUS-V1.0-YXCL-009¡¿
273cbeb,Jeson,2020-11-16 17:40:07 +0800,[Fixbug]: ÐÞ¸´È±ÏÝ¡¾PUS-V1.0-YXCL-008¡¿
7d2d2af,Jeson,2020-11-16 17:39:51 +0800,[Fixbug]: ÐÞ¸´È±ÏÝ¡¾PUS-V1.0-YXCL-007¡¿
3824238,Jeson,2020-11-16 17:39:33 +0800,[Fixbug]: ÐÞ¸´È±ÏÝ¡¾PUS-V1.0-YXCL-006¡¿
544e08a,Jeson,2020-11-16 17:36:51 +0800,[Fixbug]: ÐÞ¸´È±ÏÝ¡¾PUS-V1.0-YXCL-005¡¿
26b20cc,Jeson,2020-11-16 17:36:28 +0800,[Fixbug]: ÐÞ¸´È±ÏÝ¡¾PUS-V1.0-YXCL-004¡¿
88a77e8,Jeson,2020-11-16 17:25:15 +0800,[Fixbug]: ÐÞ¸´È±ÏÝ¡¾PUS-V1.0-YXCL-003¡¿
0f51ad2,Jeson,2020-11-16 17:24:53 +0800,[Fixbug]: ÐÞ¸´È±ÏÝ¡¾PUS-V1.0-YXCL-002¡¿
209430d,Jeson,2020-11-16 17:24:38 +0800,[Fixbug]: ÐÞ¸´È±ÏÝ¡¾PUS-V1.0-YXCL-001¡¿
bb4baf1,Jeson,2020-11-15 16:22:46 +0800,[Fixbug]: ÐÞ¸´È±ÏÝ¡¾PUS-V1.0-TWBG-002¡¿
96c5ae6,Jeson,2020-11-15 16:22:27 +0800,[Fixbug]: ÐÞ¸´È±ÏÝ¡¾PUS-V1.0-TWBG-001¡¿
9d5e1e8,Jeson,2020-11-15 16:22:12 +0800,[Fixbug]: ÐÞ¸´È±ÏÝ¡¾PUS-V1.0-XTGL-006¡¿
78dcc24,Jeson,2020-11-15 16:21:55 +0800,[Fixbug]: ÐÞ¸´È±ÏÝ¡¾PUS-V1.0-XTGL-005¡¿
1c2a3c6,Jeson,2020-11-15 16:21:34 +0800,[Fixbug]: ÐÞ¸´È±ÏÝ¡¾PUS-V1.0-XTGL-004¡¿
ab2bfb9,Jeson,2020-11-15 16:21:17 +0800,[Fixbug]: ÐÞ¸´È±ÏÝ¡¾PUS-V1.0-XTGL-003¡¿
8b9fae9,Jeson,2020-11-15 16:20:57 +0800,[Fixbug]: ÐÞ¸´È±ÏÝ¡¾PUS-V1.0-XTGL-002¡¿
aa0c3e4,Jeson,2020-11-15 16:20:37 +0800,[Fixbug]: ÐÞ¸´È±ÏÝ¡¾PUS-V1.0-XTGL-001¡¿
375c43c,Jeson,2020-11-02 13:13:41 +0800,¸üÐÂÁË¡¶µ¥Ôª²âÊÔÓÃÀý¼°²âÊÔ¼ÇÂ¼±í¡·¡¢¡¶µ¥Ôª²âÊÔ»·¾³ÅäÖÃ¼ÇÂ¼±í¡·¡¢¡¶>µ¥Ôª²âÊÔ±¨¸æ¡·
c35b9c7,Jeson,2020-10-25 18:09:05 +0800,¸üÐÂ¡¶´úÂë×ß²é¼ÇÂ¼±í¡·
ea4e4a8,Jeson,2020-10-25 12:08:09 +0800,Ôö¼ÓÍ¼ÎÄ±¨¸æ¹¦ÄÜ
1a684bb,Jeson,2020-10-19 17:05:57 +0800, ¸üÐÂ¡¶Èí¼þ¸ÅÒªÉè¼Æ¡·ºÍ¡¶Èí¼þÏêÏ¸Éè¼ÆËµÃ÷Êé¡·
1ba9df3,Jeson,2020-10-11 15:04:59 +0800,¸üÐÂ¡¶ÐèÇó¹æ¸ñËµÃ÷Êé¡·
731662c,Jeson,2020-08-24 11:33:18 +0800,¸üÐÂPUS0.9Ïà¹ØÏµÍ³²âÊÔÎÄµµ¡¶ÏµÍ³²âÊÔ¼Æ»®¡·¡¢¡¶ÏµÍ³²âÊÔÓÃÀý¼°²âÊÔ¼ÇÂ¼±í¡·¡¢¡¶ÏµÍ³²âÊÔ»·¾³ÅäÖÃ¼ÇÂ¼±í¡·¡¢¡¶ÏµÍ³²âÊÔ±¨¸æ¡·
bc3bf32,Jeson,2020-08-19 13:12:11 +0800,[Fixbug]: ÐÞ¸´È±ÏÝ¡¾PUS-V0.9-YXCL-005¡¿
5f9d659,Jeson,2020-08-14 10:11:06 +0800,[Fixbug]: ÐÞ¸´È±ÏÝ¡¾PUS-V0.9-YXCL-005¡¿
71fefb7,Jeson,2020-08-10 15:06:38 +0800,[Fixbug]: ÐÞ¸´È±ÏÝ¡¾PUS-V0.9-YHDL-008¡¿
d435299,Jeson,2020-08-08 18:05:25 +0800,[Fixbug]: ÐÞ¸´È±ÏÝ¡¾PUS-V0.9-YHDL-007¡¿
56c67d6,Jeson,2020-08-08 18:05:08 +0800,[Fixbug]: ÐÞ¸´È±ÏÝ¡¾PUS-V0.9-YHDL-004¡¿
9d5eef7,Jeson,2020-08-08 18:04:34 +0800,[Fixbug]: ÐÞ¸´È±ÏÝ¡¾PUS-V0.9-YHDL-003¡¿
dfb350d,Jeson,2020-08-08 18:04:12 +0800,[Fixbug]: ÐÞ¸´È±ÏÝ¡¾PUS-V0.9-YXCL-007¡¿
1b513a1,Jeson,2020-08-07 11:03:39 +0800,[Fixbug]: ÐÞ¸´È±ÏÝ¡¾PUS-V0.9-YHDL-005¡¿
f5b1ea8,Jeson,2020-08-07 11:03:18 +0800,[Fixbug]: ÐÞ¸´È±ÏÝ¡¾PUS-V0.9-XTGL-003¡¿
27d1f28,Jeson,2020-08-07 11:02:48 +0800,[Fixbug]: ÐÞ¸´È±ÏÝ¡¾PUS-V0.9-YXCL-006¡¿
cdc6c3d,Jeson,2020-08-06 16:02:06 +0800,[Fixbug]: ÐÞ¸´È±ÏÝ¡¾PUS-V0.9-YHDL-006¡¿
a0ffd15,Jeson,2020-08-06 16:01:50 +0800,[Fixbug]: ÐÞ¸´È±ÏÝ¡¾PUS-V0.9-YHDL-002¡¿
4e50f64,Jeson,2020-08-06 16:01:34 +0800,[Fixbug]: ÐÞ¸´È±ÏÝ¡¾PUS-V0.9-YXCL-003¡¿
802b1d0,Jeson,2020-08-06 16:01:19 +0800,[Fixbug]: ÐÞ¸´È±ÏÝ¡¾PUS-V0.9-XTGL-001¡¿
abf3d36,Jeson,2020-08-04 16:10:16 +0800,[Fixbug]: ÐÞ¸´È±ÏÝ¡¾PUS-V0.9-YXCL-004¡¿
1a09aec,Jeson,2020-08-02 21:23:46 +0800,[Fixbug]: ÐÞ¸´È±ÏÝ¡¾PUS-V0.9-YXCL-002¡¿
c7548ec,Jeson,2020-08-02 21:23:31 +0800,[Fixbug]: ÐÞ¸´È±ÏÝ¡¾PUS-V0.9-YHDL-001¡¿
416defc,Jeson,2020-07-30 15:22:51 +0800,[Fixbug]: ÐÞ¸´È±ÏÝ¡¾PUS-V0.9-XTGL-002¡¿
3a7c954,Jeson,2020-07-26 14:22:04 +0800,[Fixbug]: ÐÞ¸´È±ÏÝ¡¾PUS-V0.9-ZSTP-017¡¿
d4d4563,Jeson,2020-07-26 14:21:42 +0800,[Fixbug]: ÐÞ¸´È±ÏÝ¡¾PUS-V0.9-ZSTP-016¡¿
92ba92b,Jeson,2020-07-25 15:21:14 +0800,[Fixbug]: ÐÞ¸´È±ÏÝ¡¾PUS-V0.9-YXCL-001¡¿
b7e8c0d,Jeson,2020-07-20 19:20:40 +0800,[Fixbug]: ÐÞ¸´È±ÏÝ¡¾PUS-V0.9-ZSTP-015¡¿
5ac9bb5,Jeson,2020-07-20 19:20:23 +0800,[Fixbug]: ÐÞ¸´È±ÏÝ¡¾PUS-V0.9-ZSTP-014¡¿
2546547,Jeson,2020-07-20 19:20:07 +0800,[Fixbug]: ÐÞ¸´È±ÏÝ¡¾PUS-V0.9-ZSTP-013¡¿
710c6fa,Jeson,2020-07-20 19:19:51 +0800,[Fixbug]: ÐÞ¸´È±ÏÝ¡¾PUS-V0.9-ZSTP-012¡¿
ed04bfd,Jeson,2020-07-19 11:19:15 +0800,[Fixbug]: ÐÞ¸´È±ÏÝ¡¾PUS-V0.9-ZSTP-011¡¿
a9f0446,Jeson,2020-07-19 11:18:55 +0800,[Fixbug]: ÐÞ¸´È±ÏÝ¡¾PUS-V0.9-ZSTP-010¡¿
1fda191,Jeson,2020-07-19 11:18:36 +0800,[Fixbug]: ÐÞ¸´È±ÏÝ¡¾PUS-V0.9-ZSTP-009¡¿
8d2b9b0,Jeson,2020-07-19 11:18:14 +0800,[Fixbug]: ÐÞ¸´È±ÏÝ¡¾PUS-V0.9-ZSTP-008¡¿
c5b64d1,Jeson,2020-07-19 11:17:49 +0800,[Fixbug]: ÐÞ¸´È±ÏÝ¡¾PUS-V0.9-ZSTP-007¡¿
971c4f8,Jeson,2020-07-19 11:17:11 +0800,[Fixbug]: ÐÞ¸´È±ÏÝ¡¾PUS-V0.9-ZSTP-006¡¿
e89c364,Jeson,2020-07-19 11:16:55 +0800,[Fixbug]: ÐÞ¸´È±ÏÝ¡¾PUS-V0.9-ZSTP-003¡¿
da1e659,Jeson,2020-07-18 10:15:38 +0800,[Fixbug]: ÐÞ¸´È±ÏÝ¡¾PUS-V0.9-ZSTP-005¡¿
fa6beb0,Jeson,2020-07-18 10:15:13 +0800,[Fixbug]: ÐÞ¸´È±ÏÝ¡¾PUS-V0.9-ZSTP-004¡¿
d948efc,Jeson,2020-07-18 10:14:54 +0800,[Fixbug]: ÐÞ¸´È±ÏÝ¡¾PUS-V0.9-ZSTP-002¡¿
9557d5d,Jeson,2020-07-18 10:14:31 +0800,[Fixbug]: ÐÞ¸´È±ÏÝ¡¾PUS-V0.9-ZSTP-001¡¿
03c16ea,Jeson,2020-06-30 20:44:06 +0800,¸üÐÂ¡¶µ¥Ôª²âÊÔ±¨¸æ¡·¡¢¡¶µ¥Ôª²âÊÔÓÃÀý¼°²âÊÔ¼ÇÂ¼±í¡·
a9c2e18,Jeson,2020-06-10 20:31:45 +0800,¸üÐÂ¡¶´úÂë×ß²é¼ÇÂ¼±í¡·
b47b765,Jeson,2020-06-05 12:41:36 +0800,Ôö¼ÓÖªÊ¶Í¼Æ×Èë¿Ú
7e9e453,Jeson,2020-05-31 12:37:00 +0800,¸üÐÂ¡¶Èí¼þ¸ÅÒªÉè¼Æ¡·¡¢¡¶Èí¼þÏêÏ¸Éè¼ÆËµÃ÷Êé¡·
6214b18,Jeson,2020-05-17 17:16:08 +0800,¸üÐÂ¡¶ÐèÇó¹æ¸ñËµÃ÷Êé¡·
0dd982a,Jeson,2020-03-22 16:01:10 +0800,Ìí¼Ó¡¶ÏµÍ³²âÊÔ¼Æ»®¡·¡¢¡¶ÏµÍ³²âÊÔÓÃÀý¼°²âÊÔ¼ÇÂ¼±í¡·¡¢¡¶ÏµÍ³²âÊÔ»·¾³ÅäÖÃ¼ÇÂ¼±í¡·¡¢¡¶ÏµÍ³²âÊÔ±¨¸æ¡·
2571b31,Jeson,2020-03-18 11:12:44 +0800,[Fixbug]: ÐÞ¸´È±ÏÝ¡¾PUS-V0.8-YXCL-032¡¿
b880661,Jeson,2020-03-17 17:12:22 +0800,[Fixbug]: ÐÞ¸´È±ÏÝ¡¾PUS-V0.8-YXCL-033¡¿
38946f9,Jeson,2020-03-17 17:11:31 +0800,[Fixbug]: ÐÞ¸´È±ÏÝ¡¾PUS-V0.8-YXCL-030¡¿
65420f5,Jeson,2020-03-17 17:11:16 +0800,[Fixbug]: ÐÞ¸´È±ÏÝ¡¾PUS-V0.8-XTSZ-003¡¿
cef3630,Jeson,2020-03-16 11:10:53 +0800,[Fixbug]: ÐÞ¸´È±ÏÝ¡¾PUS-V0.8-YHDL-008¡¿
c6391d6,Jeson,2020-03-15 11:00:16 +0800,[Fixbug]: ÐÞ¸´È±ÏÝ¡¾PUS-V0.8-YXCL-037¡¿
710e6b4,Jeson,2020-03-15 11:00:02 +0800,[Fixbug]: ÐÞ¸´È±ÏÝ¡¾PUS-V0.8-YXCL-027¡¿
0af101a,Jeson,2020-03-14 10:59:39 +0800,[Fixbug]: ÐÞ¸´È±ÏÝ¡¾PUS-V0.8-YXCL-036¡¿
81cbae7,Jeson,2020-03-14 10:59:27 +0800,[Fixbug]: ÐÞ¸´È±ÏÝ¡¾PUS-V0.8-XTSZ-002¡¿
89d639f,Jeson,2020-03-04 16:59:04 +0800,[Fixbug]: ÐÞ¸´È±ÏÝ¡¾PUS-V0.8-YXCL-035¡¿
dd630f6,Jeson,2020-03-04 16:58:48 +0800,[Fixbug]: ÐÞ¸´È±ÏÝ¡¾PUS-V0.8-YXCL-026¡¿
59c4169,Jeson,2020-03-02 14:50:10 +0800,[Fixbug]: ÐÞ¸´È±ÏÝ¡¾PUS-V0.8-YXCL-042¡¿
584456d,Jeson,2020-03-02 14:49:54 +0800,[Fixbug]: ÐÞ¸´È±ÏÝ¡¾PUS-V0.8-YXCL-041¡¿
7dfd44b,Jeson,2020-03-02 14:49:37 +0800,[Fixbug]: ÐÞ¸´È±ÏÝ¡¾PUS-V0.8-YXCL-040¡¿
e882441,Jeson,2020-03-02 14:49:20 +0800,[Fixbug]: ÐÞ¸´È±ÏÝ¡¾PUS-V0.8-YXCL-039¡¿
9e4fed0,Jeson,2020-03-02 14:42:21 +0800,[Fixbug]: ÐÞ¸´È±ÏÝ¡¾PUS-V0.8-YHDL-007¡¿
8b777d0,Jeson,2020-03-02 14:40:54 +0800,[Fixbug]: ÐÞ¸´È±ÏÝ¡¾PUS-V0.8-YHDL-006¡¿
968c595,Jeson,2020-03-02 14:40:33 +0800,[Fixbug]: ÐÞ¸´È±ÏÝ¡¾PUS-V0.8-YHDL-005¡¿
31b027f,Jeson,2020-03-02 14:40:20 +0800,[Fixbug]: ÐÞ¸´È±ÏÝ¡¾PUS-V0.8-YHDL-004¡¿
800b7ab,Jeson,2020-03-02 14:40:06 +0800,[Fixbug]: ÐÞ¸´È±ÏÝ¡¾PUS-V0.8-YHDL-003¡¿
07ffb2e,Jeson,2020-02-17 08:39:35 +0800,[Fixbug]: ÐÞ¸´È±ÏÝ¡¾PUS-V0.8-YXCL-023¡¿
5b475a9,Jeson,2020-02-15 08:39:13 +0800,[Fixbug]: ÐÞ¸´È±ÏÝ¡¾PUS-V0.8-YHDL-001¡¿
329276c,Jeson,2020-02-14 16:38:49 +0800,[Fixbug]: ÐÞ¸´È±ÏÝ¡¾PUS-V0.8-YXCL-029¡¿
71ea671,Jeson,2020-02-14 16:38:34 +0800,[Fixbug]: ÐÞ¸´È±ÏÝ¡¾PUS-V0.8-YXCL-015¡¿
417b418,Jeson,2020-02-11 16:38:07 +0800,[Fixbug]: ÐÞ¸´È±ÏÝ¡¾PUS-V0.8-YXCL-028¡¿
cc7aecb,Jeson,2020-02-09 16:37:44 +0800,[Fixbug]: ÐÞ¸´È±ÏÝ¡¾PUS-V0.8-YHDL-009¡¿
1b16166,Jeson,2020-02-08 12:37:07 +0800,[Fixbug]: ÐÞ¸´È±ÏÝ¡¾PUS-V0.8-YHDL-002¡¿
59b87eb,Jeson,2020-02-07 11:36:34 +0800,[Fixbug]: ÐÞ¸´È±ÏÝ¡¾PUS-V0.8-YXCL-024¡¿
5c80689,Jeson,2020-02-06 11:36:06 +0800,[Fixbug]: ÐÞ¸´È±ÏÝ¡¾PUS-V0.8-YXCL-022¡¿
bee4abd,Jeson,2020-02-06 11:35:52 +0800,[Fixbug]: ÐÞ¸´È±ÏÝ¡¾PUS-V0.8-YXCL-021¡¿
44e41c3,Jeson,2020-02-05 11:35:13 +0800,[Fixbug]: ÐÞ¸´È±ÏÝ¡¾PUS-V0.8-YXCL-020¡¿
46c6bba,Jeson,2020-02-05 11:34:45 +0800,[Fixbug]: ÐÞ¸´È±ÏÝ¡¾PUS-V0.8-YXCL-031¡¿
312b757,Jeson,2020-02-05 11:34:31 +0800,[Fixbug]: ÐÞ¸´È±ÏÝ¡¾PUS-V0.8-YXCL-019¡¿
8a24653,Jeson,2020-02-02 11:34:04 +0800,[Fixbug]: ÐÞ¸´È±ÏÝ¡¾PUS-V0.8-YXCL-018¡¿
9f236e2,Jeson,2020-01-30 18:33:33 +0800,[Fixbug]: ÐÞ¸´È±ÏÝ¡¾PUS-V0.8-XTSZ-004¡¿
1173fac,Jeson,2020-01-29 18:33:07 +0800,[Fixbug]: ÐÞ¸´È±ÏÝ¡¾PUS-V0.8-YXCL-025¡¿
90c394e,Jeson,2020-01-29 18:32:50 +0800,[Fixbug]: ÐÞ¸´È±ÏÝ¡¾PUS-V0.8-YXCL-016¡¿
1045d45,Jeson,2020-01-29 18:32:23 +0800,[Fixbug]: ÐÞ¸´È±ÏÝ¡¾PUS-V0.8-YXCL-013¡¿
14b4831,Jeson,2020-01-29 18:32:09 +0800,[Fixbug]: ÐÞ¸´È±ÏÝ¡¾PUS-V0.8-YXCL-012¡¿
ec5b9dd,Jeson,2020-01-29 18:31:53 +0800,[Fixbug]: ÐÞ¸´È±ÏÝ¡¾PUS-V0.8-YXCL-011¡¿
1593d05,Jeson,2020-01-29 18:31:36 +0800,[Fixbug]: ÐÞ¸´È±ÏÝ¡¾PUS-V0.8-YXCL-010¡¿
407b55e,Jeson,2020-01-29 18:31:22 +0800,[Fixbug]: ÐÞ¸´È±ÏÝ¡¾PUS-V0.8-YXCL-009¡¿
59aa670,Jeson,2020-01-29 18:30:59 +0800,[Fixbug]: ÐÞ¸´È±ÏÝ¡¾PUS-V0.8-YXCL-008¡¿
1525f0d,Jeson,2020-01-29 18:30:41 +0800,[Fixbug]: ÐÞ¸´È±ÏÝ¡¾PUS-V0.8-YXCL-007¡¿
9041490,Jeson,2020-01-29 18:30:28 +0800,[Fixbug]: ÐÞ¸´È±ÏÝ¡¾PUS-V0.8-YXCL-006¡¿
08fcd41,Jeson,2020-01-25 14:29:58 +0800,[Fixbug]: ÐÞ¸´È±ÏÝ¡¾PUS-V0.8-YXCL-005¡¿
37f2d36,Jeson,2020-01-25 14:29:41 +0800,[Fixbug]: ÐÞ¸´È±ÏÝ¡¾PUS-V0.8-YHDL-005¡¿
6d7e715,Jeson,2020-01-25 14:28:34 +0800,[Fixbug]: ÐÞ¸´È±ÏÝ¡¾PUS-V0.8-YXCL-004¡¿
f3c7924,Jeson,2020-01-25 14:27:37 +0800,[Fixbug]: ÐÞ¸´È±ÏÝ¡¾PUS-V0.8-YXCL-003¡¿
81fdeae,Jeson,2020-01-25 14:27:22 +0800,[Fixbug]: ÐÞ¸´È±ÏÝ¡¾PUS-V0.8-YXCL-002¡¿
1.90E+12,Jeson,2020-01-25 14:26:51 +0800,[Fixbug]: ÐÞ¸´È±ÏÝ¡¾PUS-V0.8-YXCL-001¡¿
04f87ff,Jeson,2020-01-17 12:36:50 +0800,Ìí¼ÓÁË¡¶µ¥Ôª²âÊÔÓÃÀý¼°²âÊÔ¼ÇÂ¼±í¡·¡¢¡¶µ¥Ôª²âÊÔ»·¾³ÅäÖÃ¼ÇÂ¼±í¡·¡¢¡¶µ¥Ôª²âÊÔ±¨¸æ¡·¡¢¡¶¿ª·¢»·¾³ÅäÖÃ¼ÇÂ¼±í¡·
07f8869,Jeson,2019-04-30 17:55:30 +0800,Ìá½»V_0.8´úÂë Ìí¼Ó¡¶´úÂë×ß²é¼ÇÂ¼±í¡·
eb0edb4,Jeson,2019-04-30 16:55:30 +0800,Ìí¼Ó¡¶Èí¼þ¸ÅÒªÉè¼Æ¡·ºÍ¡¶Èí¼þÏêÏ¸Éè¼ÆËµÃ÷Êé¡·
cf73001,Jeson,2019-04-29 16:37:09 +0800,Ìí¼Ó¡¶ÐèÇó¹æ¸ñËµÃ÷Êé¡·
cce8a94,Jeson,2019-04-29 11:34:41 +0800,Ìí¼Ó¡¶ÏîÄ¿Á¢Ïî±¨¸æ¡·
508382f,Jeson,2019-04-20 22:00:24 +0800,Ìí¼Ó¡¶¿ÉÐÐÐÔ·ÖÎö±¨¸æ¡·
