b967cd6,Jeson,2020-12-08 16:30:45 +0800,Ìí¼ÓPUS V_1.0Ïà¹ØÓÃ»§²âÊÓÏà¹ØÎÄµµ¡¶ÓÃ»§²âÊÔ¼Æ»®¡·¡¢¡¶ÓÃ»§²âÊÔÓÃÀý¼°²âÊÔ¼ÇÂ¼±í¡·¡¢¡¶²âÊÔ»·¾³ÅäÖÃ¼ÇÂ¼±í¡·¡¢¡¶ÓÃ»§²âÊÔ±¨¸æ¡·
db5d0a5,Jeson,2020-12-05 18:35:10 +0800, ¸üÐÂPUS V_1.0Ïà¹ØÏµÍ³²âÊÔÎÄµµ¡¶ÏµÍ³²âÊÔ¼Æ»®¡·¡¢¡¶ÏµÍ³²âÊÔÓÃÀý¼°²âÊÔ¼ÇÂ¼±í¡·¡¢¡¶ÏµÍ³²âÊÔ»·¾³ÅäÖÃ¼ÇÂ¼±í¡·¡¢¡¶ÏµÍ³²âÊÔ±¨¸æ¡·
9fbef15,Jeson,2020-11-26 15:32:36 +0800,[Fixbug]: ÐÞ¸´È±ÏÝ¡¾PUS-V1.0-ZSTP-005¡¿
4862f0f,Jeson,2020-11-26 12:32:20 +0800,[Fixbug]: ÐÞ¸´È±ÏÝ¡¾PUS-V1.0-ZSTP-004¡¿
3b28f56,Jeson,2020-11-26 11:37:00 +0800,[Fixbug]: ÐÞ¸´È±ÏÝ¡¾PUS-V1.0-ZSTP-003¡¿
c3d4d21,Jeson,2020-11-25 11:42:35 +0800,[Fixbug]: ÐÞ¸´È±ÏÝ¡¾PUS-V1.0-ZSTP-002¡¿
106a770,Jeson,2020-11-24 16:42:13 +0800,[Fixbug]: ÐÞ¸´È±ÏÝ¡¾PUS-V1.0-ZSTP-001¡¿
7e27c67,Jeson,2020-11-23 09:54:47 +0800,[Fixbug]: ÐÞ¸´È±ÏÝ¡¾PUS-V1.0-TWBG-013¡¿
0ed60c5,Jeson,2020-11-21 09:53:19 +0800,[Fixbug]: ÐÞ¸´È±ÏÝ¡¾PUS-V1.0-TWBG-011¡¿
9eb3e95,Jeson,2020-11-21 09:53:07 +0800,[Fixbug]: ÐÞ¸´È±ÏÝ¡¾PUS-V1.0-TWBG-010¡¿
f9c2672,Jeson,2020-11-20 13:52:41 +0800,[Fixbug]: ÐÞ¸´È±ÏÝ¡¾PUS-V1.0-TWBG-009¡¿
7218feb,Jeson,2020-11-20 13:52:25 +0800,[Fixbug]: ÐÞ¸´È±ÏÝ¡¾PUS-V1.0-TWBG-008¡¿
9fe59ae,Jeson,2020-11-20 13:52:12 +0800,[Fixbug]: ÐÞ¸´È±ÏÝ¡¾PUS-V1.0-TWBG-007¡¿
857db86,Jeson,2020-11-20 13:51:21 +0800,[Fixbug]: ÐÞ¸´È±ÏÝ¡¾PUS-V1.0-TWBG-006¡¿
e1e1995,Jeson,2020-11-20 13:50:26 +0800,[Fixbug]: ÐÞ¸´È±ÏÝ¡¾PUS-V1.0-TWBG-005¡¿
b349000,Jeson,2020-11-20 13:50:10 +0800,[Fixbug]: ÐÞ¸´È±ÏÝ¡¾PUS-V1.0-TWBG-004¡¿
7230086,Jeson,2020-11-20 13:49:55 +0800,[Fixbug]: ÐÞ¸´È±ÏÝ¡¾PUS-V1.0-TWBG-003¡¿
e0fd7b9,Jeson,2020-11-19 12:45:38 +0800,[Fixbug]: ÐÞ¸´È±ÏÝ¡¾PUS-V1.0-ZSTP-006¡¿
3788091,Jeson,2020-11-18 12:45:11 +0800,[Fixbug]: ÐÞ¸´È±ÏÝ¡¾PUS-V1.0-YHDL-009¡¿
26e9880,Jeson,2020-11-18 12:44:55 +0800,[Fixbug]: ÐÞ¸´È±ÏÝ¡¾PUS-V1.0-YHDL-008¡¿
78a4eae,Jeson,2020-11-18 12:44:31 +0800,[Fixbug]: ÐÞ¸´È±ÏÝ¡¾PUS-V1.0-YHDL-007¡¿
18fcf5c,Jeson,2020-11-18 12:44:16 +0800,[Fixbug]: ÐÞ¸´È±ÏÝ¡¾PUS-V1.0-YHDL-006¡¿
71f12fd,Jeson,2020-11-18 12:44:01 +0800,[Fixbug]: ÐÞ¸´È±ÏÝ¡¾PUS-V1.0-YHDL-005¡¿
ca7a350,Jeson,2020-11-18 12:43:47 +0800,[Fixbug]: ÐÞ¸´È±ÏÝ¡¾PUS-V1.0-YHDL-004¡¿
fc25d0c,Jeson,2020-11-18 12:43:28 +0800,[Fixbug]: ÐÞ¸´È±ÏÝ¡¾PUS-V1.0-YHDL-003¡¿
7346dca,Jeson,2020-11-18 12:43:05 +0800,[Fixbug]: ÐÞ¸´È±ÏÝ¡¾PUS-V1.0-YHDL-002¡¿
ab743f1,Jeson,2020-11-18 12:42:52 +0800,[Fixbug]: ÐÞ¸´È±ÏÝ¡¾PUS-V1.0-YHDL-001¡¿
2a0b5fd,Jeson,2020-11-16 17:42:24 +0800,[Fixbug]: ÐÞ¸´È±ÏÝ¡¾PUS-V1.0-YXCL-012¡¿
df14b21,Jeson,2020-11-16 17:42:09 +0800,[Fixbug]: ÐÞ¸´È±ÏÝ¡¾PUS-V1.0-YXCL-011¡¿
8c9978c,Jeson,2020-11-16 17:41:52 +0800,[Fixbug]: ÐÞ¸´È±ÏÝ¡¾PUS-V1.0-YXCL-010¡¿
1cab0e4,Jeson,2020-11-16 17:40:38 +0800,[Fixbug]: ÐÞ¸´È±ÏÝ¡¾PUS-V1.0-YXCL-009¡¿
c26258a,Jeson,2020-11-16 17:40:07 +0800,[Fixbug]: ÐÞ¸´È±ÏÝ¡¾PUS-V1.0-YXCL-008¡¿
ba62896,Jeson,2020-11-16 17:39:51 +0800,[Fixbug]: ÐÞ¸´È±ÏÝ¡¾PUS-V1.0-YXCL-007¡¿
4e718e6,Jeson,2020-11-16 17:39:33 +0800,[Fixbug]: ÐÞ¸´È±ÏÝ¡¾PUS-V1.0-YXCL-006¡¿
b5746a1,Jeson,2020-11-16 17:36:51 +0800,[Fixbug]: ÐÞ¸´È±ÏÝ¡¾PUS-V1.0-YXCL-005¡¿
8e9d77e,Jeson,2020-11-16 17:36:28 +0800,[Fixbug]: ÐÞ¸´È±ÏÝ¡¾PUS-V1.0-YXCL-004¡¿
bcf4ebd,Jeson,2020-11-16 17:25:15 +0800,[Fixbug]: ÐÞ¸´È±ÏÝ¡¾PUS-V1.0-YXCL-003¡¿
cd2f43f,Jeson,2020-11-16 17:24:53 +0800,[Fixbug]: ÐÞ¸´È±ÏÝ¡¾PUS-V1.0-YXCL-002¡¿
105d8bf,Jeson,2020-11-16 17:24:38 +0800,[Fixbug]: ÐÞ¸´È±ÏÝ¡¾PUS-V1.0-YXCL-001¡¿
8879713,Jeson,2020-11-15 16:22:46 +0800,[Fixbug]: ÐÞ¸´È±ÏÝ¡¾PUS-V1.0-TWBG-002¡¿
94114a9,Jeson,2020-11-15 16:22:27 +0800,[Fixbug]: ÐÞ¸´È±ÏÝ¡¾PUS-V1.0-TWBG-001¡¿
23cd61d,Jeson,2020-11-15 16:22:12 +0800,[Fixbug]: ÐÞ¸´È±ÏÝ¡¾PUS-V1.0-XTGL-006¡¿
fb71193,Jeson,2020-11-15 16:21:55 +0800,[Fixbug]: ÐÞ¸´È±ÏÝ¡¾PUS-V1.0-XTGL-005¡¿
d292ae0,Jeson,2020-11-15 16:21:34 +0800,[Fixbug]: ÐÞ¸´È±ÏÝ¡¾PUS-V1.0-XTGL-004¡¿
0aabb15,Jeson,2020-11-15 16:21:17 +0800,[Fixbug]: ÐÞ¸´È±ÏÝ¡¾PUS-V1.0-XTGL-003¡¿
a4bed56,Jeson,2020-11-15 16:20:57 +0800,[Fixbug]: ÐÞ¸´È±ÏÝ¡¾PUS-V1.0-XTGL-002¡¿
2c7eaa7,Jeson,2020-11-15 16:20:37 +0800,[Fixbug]: ÐÞ¸´È±ÏÝ¡¾PUS-V1.0-XTGL-001¡¿
bdef296,Jeson,2020-11-02 13:13:41 +0800,¸üÐÂÁË¡¶µ¥Ôª²âÊÔÓÃÀý¼°²âÊÔ¼ÇÂ¼±í¡·¡¢¡¶µ¥Ôª²âÊÔ»·¾³ÅäÖÃ¼ÇÂ¼±í¡·¡¢¡¶>µ¥Ôª²âÊÔ±¨¸æ¡·
c6a0be9,Jeson,2020-10-25 18:09:05 +0800,¸üÐÂ¡¶´úÂë×ß²é¼ÇÂ¼±í¡·
d5d41d6,Jeson,2020-10-25 12:08:09 +0800,Ôö¼ÓÍ¼ÎÄ±¨¸æ¹¦ÄÜ
13ceb7a,Jeson,2020-10-19 17:05:57 +0800, ¸üÐÂ¡¶Èí¼þ¸ÅÒªÉè¼Æ¡·ºÍ¡¶Èí¼þÏêÏ¸Éè¼ÆËµÃ÷Êé¡·
4647acf,Jeson,2020-10-11 15:04:59 +0800,¸üÐÂ¡¶ÐèÇó¹æ¸ñËµÃ÷Êé¡·
107b6f8,Jeson,2020-08-24 11:33:18 +0800,¸üÐÂPUS0.9Ïà¹ØÏµÍ³²âÊÔÎÄµµ¡¶ÏµÍ³²âÊÔ¼Æ»®¡·¡¢¡¶ÏµÍ³²âÊÔÓÃÀý¼°²âÊÔ¼ÇÂ¼±í¡·¡¢¡¶ÏµÍ³²âÊÔ»·¾³ÅäÖÃ¼ÇÂ¼±í¡·¡¢¡¶ÏµÍ³²âÊÔ±¨¸æ¡·
8dda283,Jeson,2020-08-19 13:12:11 +0800,[Fixbug]: ÐÞ¸´È±ÏÝ¡¾PUS-V0.9-YXCL-005¡¿
c88ba86,Jeson,2020-08-14 10:11:06 +0800,[Fixbug]: ÐÞ¸´È±ÏÝ¡¾PUS-V0.9-YXCL-005¡¿
bd134f8,Jeson,2020-08-10 15:06:38 +0800,[Fixbug]: ÐÞ¸´È±ÏÝ¡¾PUS-V0.9-YHDL-008¡¿
d2697f3,Jeson,2020-08-08 18:05:25 +0800,[Fixbug]: ÐÞ¸´È±ÏÝ¡¾PUS-V0.9-YHDL-007¡¿
f4248b3,Jeson,2020-08-08 18:05:08 +0800,[Fixbug]: ÐÞ¸´È±ÏÝ¡¾PUS-V0.9-YHDL-004¡¿
6c10361,Jeson,2020-08-08 18:04:34 +0800,[Fixbug]: ÐÞ¸´È±ÏÝ¡¾PUS-V0.9-YHDL-003¡¿
98c6966,Jeson,2020-08-08 18:04:12 +0800,[Fixbug]: ÐÞ¸´È±ÏÝ¡¾PUS-V0.9-YXCL-007¡¿
5bc9a0a,Jeson,2020-08-07 11:03:39 +0800,[Fixbug]: ÐÞ¸´È±ÏÝ¡¾PUS-V0.9-YHDL-005¡¿
d418dd1,Jeson,2020-08-07 11:03:18 +0800,[Fixbug]: ÐÞ¸´È±ÏÝ¡¾PUS-V0.9-XTGL-003¡¿
f41cb2e,Jeson,2020-08-07 11:02:48 +0800,[Fixbug]: ÐÞ¸´È±ÏÝ¡¾PUS-V0.9-YXCL-006¡¿
a36045d,Jeson,2020-08-06 16:02:06 +0800,[Fixbug]: ÐÞ¸´È±ÏÝ¡¾PUS-V0.9-YHDL-006¡¿
ae8beaf,Jeson,2020-08-06 16:01:50 +0800,[Fixbug]: ÐÞ¸´È±ÏÝ¡¾PUS-V0.9-YHDL-002¡¿
3a60d5f,Jeson,2020-08-06 16:01:34 +0800,[Fixbug]: ÐÞ¸´È±ÏÝ¡¾PUS-V0.9-YXCL-003¡¿
7a1ca07,Jeson,2020-08-06 16:01:19 +0800,[Fixbug]: ÐÞ¸´È±ÏÝ¡¾PUS-V0.9-XTGL-001¡¿
e2ed740,Jeson,2020-08-04 16:10:16 +0800,[Fixbug]: ÐÞ¸´È±ÏÝ¡¾PUS-V0.9-YXCL-004¡¿
e33f122,Jeson,2020-08-02 21:23:46 +0800,[Fixbug]: ÐÞ¸´È±ÏÝ¡¾PUS-V0.9-YXCL-002¡¿
8b34d0e,Jeson,2020-08-02 21:23:31 +0800,[Fixbug]: ÐÞ¸´È±ÏÝ¡¾PUS-V0.9-YHDL-001¡¿
ab8ac52,Jeson,2020-07-30 15:22:51 +0800,[Fixbug]: ÐÞ¸´È±ÏÝ¡¾PUS-V0.9-XTGL-002¡¿
c622781,Jeson,2020-07-26 14:22:04 +0800,[Fixbug]: ÐÞ¸´È±ÏÝ¡¾PUS-V0.9-ZSTP-017¡¿
40384cd,Jeson,2020-07-26 14:21:42 +0800,[Fixbug]: ÐÞ¸´È±ÏÝ¡¾PUS-V0.9-ZSTP-016¡¿
ae7ca18,Jeson,2020-07-25 15:21:14 +0800,[Fixbug]: ÐÞ¸´È±ÏÝ¡¾PUS-V0.9-YXCL-001¡¿
207b1f2,Jeson,2020-07-20 19:20:40 +0800,[Fixbug]: ÐÞ¸´È±ÏÝ¡¾PUS-V0.9-ZSTP-015¡¿
c8e8361,Jeson,2020-07-20 19:20:23 +0800,[Fixbug]: ÐÞ¸´È±ÏÝ¡¾PUS-V0.9-ZSTP-014¡¿
5a538c3,Jeson,2020-07-20 19:20:07 +0800,[Fixbug]: ÐÞ¸´È±ÏÝ¡¾PUS-V0.9-ZSTP-013¡¿
a0594b1,Jeson,2020-07-20 19:19:51 +0800,[Fixbug]: ÐÞ¸´È±ÏÝ¡¾PUS-V0.9-ZSTP-012¡¿
a93f046,Jeson,2020-07-19 11:19:15 +0800,[Fixbug]: ÐÞ¸´È±ÏÝ¡¾PUS-V0.9-ZSTP-011¡¿
7295d27,Jeson,2020-07-19 11:18:55 +0800,[Fixbug]: ÐÞ¸´È±ÏÝ¡¾PUS-V0.9-ZSTP-010¡¿
a5aafed,Jeson,2020-07-19 11:18:36 +0800,[Fixbug]: ÐÞ¸´È±ÏÝ¡¾PUS-V0.9-ZSTP-009¡¿
164eede,Jeson,2020-07-19 11:18:14 +0800,[Fixbug]: ÐÞ¸´È±ÏÝ¡¾PUS-V0.9-ZSTP-008¡¿
5e5d794,Jeson,2020-07-19 11:17:49 +0800,[Fixbug]: ÐÞ¸´È±ÏÝ¡¾PUS-V0.9-ZSTP-007¡¿
70cd020,Jeson,2020-07-19 11:17:11 +0800,[Fixbug]: ÐÞ¸´È±ÏÝ¡¾PUS-V0.9-ZSTP-006¡¿
179ddaa,Jeson,2020-07-19 11:16:55 +0800,[Fixbug]: ÐÞ¸´È±ÏÝ¡¾PUS-V0.9-ZSTP-003¡¿
ca68936,Jeson,2020-07-18 10:15:38 +0800,[Fixbug]: ÐÞ¸´È±ÏÝ¡¾PUS-V0.9-ZSTP-005¡¿
0d1513c,Jeson,2020-07-18 10:15:13 +0800,[Fixbug]: ÐÞ¸´È±ÏÝ¡¾PUS-V0.9-ZSTP-004¡¿
97f052e,Jeson,2020-07-18 10:14:54 +0800,[Fixbug]: ÐÞ¸´È±ÏÝ¡¾PUS-V0.9-ZSTP-002¡¿
8b58d0e,Jeson,2020-07-18 10:14:31 +0800,[Fixbug]: ÐÞ¸´È±ÏÝ¡¾PUS-V0.9-ZSTP-001¡¿
6e94c90,Jeson,2020-06-30 20:44:06 +0800,¸üÐÂ¡¶µ¥Ôª²âÊÔ±¨¸æ¡·¡¢¡¶µ¥Ôª²âÊÔÓÃÀý¼°²âÊÔ¼ÇÂ¼±í¡·
0cfb248,Jeson,2020-06-10 20:31:45 +0800,¸üÐÂ¡¶´úÂë×ß²é¼ÇÂ¼±í¡·
9a712ac,Jeson,2020-06-05 12:41:36 +0800,Ôö¼ÓÖªÊ¶Í¼Æ×Èë¿Ú
93d0276,Jeson,2020-05-31 12:37:00 +0800,¸üÐÂ¡¶Èí¼þ¸ÅÒªÉè¼Æ¡·¡¢¡¶Èí¼þÏêÏ¸Éè¼ÆËµÃ÷Êé¡·
10032b5,Jeson,2020-05-17 17:16:08 +0800,¸üÐÂ¡¶ÐèÇó¹æ¸ñËµÃ÷Êé¡·
2.20E+54,Jeson,2020-03-22 16:01:10 +0800,Ìí¼Ó¡¶ÏµÍ³²âÊÔ¼Æ»®¡·¡¢¡¶ÏµÍ³²âÊÔÓÃÀý¼°²âÊÔ¼ÇÂ¼±í¡·¡¢¡¶ÏµÍ³²âÊÔ»·¾³ÅäÖÃ¼ÇÂ¼±í¡·¡¢¡¶ÏµÍ³²âÊÔ±¨¸æ¡·
3f5ff17,Jeson,2020-03-18 11:12:44 +0800,[Fixbug]: ÐÞ¸´È±ÏÝ¡¾PUS-V0.8-YXCL-032¡¿
f0db918,Jeson,2020-03-17 17:12:22 +0800,[Fixbug]: ÐÞ¸´È±ÏÝ¡¾PUS-V0.8-YXCL-033¡¿
ea54b24,Jeson,2020-03-17 17:11:31 +0800,[Fixbug]: ÐÞ¸´È±ÏÝ¡¾PUS-V0.8-YXCL-030¡¿
c60e134,Jeson,2020-03-17 17:11:16 +0800,[Fixbug]: ÐÞ¸´È±ÏÝ¡¾PUS-V0.8-XTSZ-003¡¿
3759174,Jeson,2020-03-16 11:10:53 +0800,[Fixbug]: ÐÞ¸´È±ÏÝ¡¾PUS-V0.8-YHDL-008¡¿
facfd37,Jeson,2020-03-15 11:00:16 +0800,[Fixbug]: ÐÞ¸´È±ÏÝ¡¾PUS-V0.8-YXCL-037¡¿
61127dc,Jeson,2020-03-15 11:00:02 +0800,[Fixbug]: ÐÞ¸´È±ÏÝ¡¾PUS-V0.8-YXCL-027¡¿
ce67729,Jeson,2020-03-14 10:59:39 +0800,[Fixbug]: ÐÞ¸´È±ÏÝ¡¾PUS-V0.8-YXCL-036¡¿
a469589,Jeson,2020-03-14 10:59:27 +0800,[Fixbug]: ÐÞ¸´È±ÏÝ¡¾PUS-V0.8-XTSZ-002¡¿
a95cdb2,Jeson,2020-03-04 16:59:04 +0800,[Fixbug]: ÐÞ¸´È±ÏÝ¡¾PUS-V0.8-YXCL-035¡¿
1dd7327,Jeson,2020-03-04 16:58:48 +0800,[Fixbug]: ÐÞ¸´È±ÏÝ¡¾PUS-V0.8-YXCL-026¡¿
74cf5be,Jeson,2020-03-02 14:50:10 +0800,[Fixbug]: ÐÞ¸´È±ÏÝ¡¾PUS-V0.8-YXCL-042¡¿
b31564e,Jeson,2020-03-02 14:49:54 +0800,[Fixbug]: ÐÞ¸´È±ÏÝ¡¾PUS-V0.8-YXCL-041¡¿
58face3,Jeson,2020-03-02 14:49:37 +0800,[Fixbug]: ÐÞ¸´È±ÏÝ¡¾PUS-V0.8-YXCL-040¡¿
ad53059,Jeson,2020-03-02 14:49:20 +0800,[Fixbug]: ÐÞ¸´È±ÏÝ¡¾PUS-V0.8-YXCL-039¡¿
dd807a0,Jeson,2020-03-02 14:42:21 +0800,[Fixbug]: ÐÞ¸´È±ÏÝ¡¾PUS-V0.8-YHDL-007¡¿
3a18182,Jeson,2020-03-02 14:40:54 +0800,[Fixbug]: ÐÞ¸´È±ÏÝ¡¾PUS-V0.8-YHDL-006¡¿
6f9c778,Jeson,2020-03-02 14:40:33 +0800,[Fixbug]: ÐÞ¸´È±ÏÝ¡¾PUS-V0.8-YHDL-005¡¿
e531c6b,Jeson,2020-03-02 14:40:20 +0800,[Fixbug]: ÐÞ¸´È±ÏÝ¡¾PUS-V0.8-YHDL-004¡¿
0c1b151,Jeson,2020-03-02 14:40:06 +0800,[Fixbug]: ÐÞ¸´È±ÏÝ¡¾PUS-V0.8-YHDL-003¡¿
b4ba051,Jeson,2020-02-17 08:39:35 +0800,[Fixbug]: ÐÞ¸´È±ÏÝ¡¾PUS-V0.8-YXCL-023¡¿
bce9968,Jeson,2020-02-15 08:39:13 +0800,[Fixbug]: ÐÞ¸´È±ÏÝ¡¾PUS-V0.8-YHDL-001¡¿
ab4d465,Jeson,2020-02-14 16:38:49 +0800,[Fixbug]: ÐÞ¸´È±ÏÝ¡¾PUS-V0.8-YXCL-029¡¿
e60d1d4,Jeson,2020-02-14 16:38:34 +0800,[Fixbug]: ÐÞ¸´È±ÏÝ¡¾PUS-V0.8-YXCL-015¡¿
1e63185,Jeson,2020-02-11 16:38:07 +0800,[Fixbug]: ÐÞ¸´È±ÏÝ¡¾PUS-V0.8-YXCL-028¡¿
fbc5b9f,Jeson,2020-02-09 16:37:44 +0800,[Fixbug]: ÐÞ¸´È±ÏÝ¡¾PUS-V0.8-YHDL-009¡¿
aa1338b,Jeson,2020-02-08 12:37:07 +0800,[Fixbug]: ÐÞ¸´È±ÏÝ¡¾PUS-V0.8-YHDL-002¡¿
0fe4585,Jeson,2020-02-07 11:36:34 +0800,[Fixbug]: ÐÞ¸´È±ÏÝ¡¾PUS-V0.8-YXCL-024¡¿
f53f096,Jeson,2020-02-06 11:36:06 +0800,[Fixbug]: ÐÞ¸´È±ÏÝ¡¾PUS-V0.8-YXCL-022¡¿
0d80711,Jeson,2020-02-06 11:35:52 +0800,[Fixbug]: ÐÞ¸´È±ÏÝ¡¾PUS-V0.8-YXCL-021¡¿
e06539a,Jeson,2020-02-05 11:35:13 +0800,[Fixbug]: ÐÞ¸´È±ÏÝ¡¾PUS-V0.8-YXCL-020¡¿
130808d,Jeson,2020-02-05 11:34:45 +0800,[Fixbug]: ÐÞ¸´È±ÏÝ¡¾PUS-V0.8-YXCL-031¡¿
db73f0d,Jeson,2020-02-05 11:34:31 +0800,[Fixbug]: ÐÞ¸´È±ÏÝ¡¾PUS-V0.8-YXCL-019¡¿
58b580a,Jeson,2020-02-02 11:34:04 +0800,[Fixbug]: ÐÞ¸´È±ÏÝ¡¾PUS-V0.8-YXCL-018¡¿
501fac5,Jeson,2020-01-30 18:33:33 +0800,[Fixbug]: ÐÞ¸´È±ÏÝ¡¾PUS-V0.8-XTSZ-004¡¿
d7c62fb,Jeson,2020-01-29 18:33:07 +0800,[Fixbug]: ÐÞ¸´È±ÏÝ¡¾PUS-V0.8-YXCL-025¡¿
7385a46,Jeson,2020-01-29 18:32:50 +0800,[Fixbug]: ÐÞ¸´È±ÏÝ¡¾PUS-V0.8-YXCL-016¡¿
fe726c7,Jeson,2020-01-29 18:32:23 +0800,[Fixbug]: ÐÞ¸´È±ÏÝ¡¾PUS-V0.8-YXCL-013¡¿
fde34af,Jeson,2020-01-29 18:32:09 +0800,[Fixbug]: ÐÞ¸´È±ÏÝ¡¾PUS-V0.8-YXCL-012¡¿
7271350,Jeson,2020-01-29 18:31:53 +0800,[Fixbug]: ÐÞ¸´È±ÏÝ¡¾PUS-V0.8-YXCL-011¡¿
0b61fd4,Jeson,2020-01-29 18:31:36 +0800,[Fixbug]: ÐÞ¸´È±ÏÝ¡¾PUS-V0.8-YXCL-010¡¿
2352626,Jeson,2020-01-29 18:31:22 +0800,[Fixbug]: ÐÞ¸´È±ÏÝ¡¾PUS-V0.8-YXCL-009¡¿
f30a94b,Jeson,2020-01-29 18:30:59 +0800,[Fixbug]: ÐÞ¸´È±ÏÝ¡¾PUS-V0.8-YXCL-008¡¿
2090c8b,Jeson,2020-01-29 18:30:41 +0800,[Fixbug]: ÐÞ¸´È±ÏÝ¡¾PUS-V0.8-YXCL-007¡¿
6e8930c,Jeson,2020-01-29 18:30:28 +0800,[Fixbug]: ÐÞ¸´È±ÏÝ¡¾PUS-V0.8-YXCL-006¡¿
3c6ddf0,Jeson,2020-01-25 14:29:58 +0800,[Fixbug]: ÐÞ¸´È±ÏÝ¡¾PUS-V0.8-YXCL-005¡¿
dcf8555,Jeson,2020-01-25 14:29:41 +0800,[Fixbug]: ÐÞ¸´È±ÏÝ¡¾PUS-V0.8-YHDL-005¡¿
d76632c,Jeson,2020-01-25 14:28:34 +0800,[Fixbug]: ÐÞ¸´È±ÏÝ¡¾PUS-V0.8-YXCL-004¡¿
bcf849b,Jeson,2020-01-25 14:27:37 +0800,[Fixbug]: ÐÞ¸´È±ÏÝ¡¾PUS-V0.8-YXCL-003¡¿
af0e507,Jeson,2020-01-25 14:27:22 +0800,[Fixbug]: ÐÞ¸´È±ÏÝ¡¾PUS-V0.8-YXCL-002¡¿
a7fc237,Jeson,2020-01-25 14:26:51 +0800,[Fixbug]: ÐÞ¸´È±ÏÝ¡¾PUS-V0.8-YXCL-001¡¿
ca6d080,Jeson,2020-01-17 12:36:50 +0800,Ìí¼ÓÁË¡¶µ¥Ôª²âÊÔÓÃÀý¼°²âÊÔ¼ÇÂ¼±í¡·¡¢¡¶µ¥Ôª²âÊÔ»·¾³ÅäÖÃ¼ÇÂ¼±í¡·¡¢¡¶µ¥Ôª²âÊÔ±¨¸æ¡·¡¢¡¶¿ª·¢»·¾³ÅäÖÃ¼ÇÂ¼±í¡·
17bf142,Jeson,2019-04-30 17:55:30 +0800,Ìá½»V_0.8´úÂë Ìí¼Ó¡¶´úÂë×ß²é¼ÇÂ¼±í¡·
eb0edb4,Jeson,2019-04-30 16:55:30 +0800,Ìí¼Ó¡¶Èí¼þ¸ÅÒªÉè¼Æ¡·ºÍ¡¶Èí¼þÏêÏ¸Éè¼ÆËµÃ÷Êé¡·
cf73001,Jeson,2019-04-29 16:37:09 +0800,Ìí¼Ó¡¶ÐèÇó¹æ¸ñËµÃ÷Êé¡·
cce8a94,Jeson,2019-04-29 11:34:41 +0800,Ìí¼Ó¡¶ÏîÄ¿Á¢Ïî±¨¸æ¡·
508382f,Jeson,2019-04-20 22:00:24 +0800,Ìí¼Ó¡¶¿ÉÐÐÐÔ·ÖÎö±¨¸æ¡·
